search_region_id,daangn_region_id,region_name
1,11,종로1.2.3.4가동
2,11,종로1.2.3.4가동
3,3,청운효자동
4,4,사직동
5,5,삼청동
6,6,부암동
7,7,평창동
8,8,무악동
9,9,교남동
10,10,가회동
11,11,종로1.2.3.4가동
12,12,종로5.6가동
13,13,이화동
14,14,혜화동
15,15,창신제1동
16,16,창신제2동
17,17,창신제3동
18,18,숭인제1동
19,19,숭인제2동
20,28,신당동
21,21,소공동
22,22,회현동
23,23,명동
24,24,필동
25,25,장충동
26,26,광희동
27,27,을지로동
28,28,신당동
29,29,다산동
30,30,약수동
31,31,청구동
32,32,신당제5동
33,33,동화동
34,34,황학동
35,35,중림동
36,50,한남동
37,37,후암동
38,38,용산2가동
39,39,남영동
40,40,청파동
41,41,원효로제1동
42,42,원효로제2동
43,43,효창동
44,44,용문동
45,45,한강로동
46,46,이촌제1동
47,47,이촌제2동
48,48,이태원제1동
49,49,이태원제2동
50,50,한남동
51,51,서빙고동
52,52,보광동
53,6143,행당동
54,54,왕십리제2동
55,55,왕십리도선동
56,56,마장동
57,57,사근동
58,58,행당제1동
59,59,행당제2동
60,60,응봉동
61,61,금호1가동
62,62,금호2.3가동
63,63,금호4가동
64,64,옥수동
65,65,성수1가제1동
66,66,성수1가제2동
67,67,성수2가제1동
68,68,성수2가제3동
69,69,송정동
70,70,용답동
71,6060,자양동
72,72,화양동
73,73,군자동
74,74,중곡제1동
75,75,중곡제2동
76,76,중곡제3동
77,77,중곡제4동
78,78,능동
79,79,광장동
80,80,자양제1동
81,81,자양제2동
82,82,자양제3동
83,83,자양제4동
84,84,구의제1동
85,85,구의제2동
86,86,구의제3동
87,6085,장안동
88,88,용신동
89,89,제기동
90,90,전농제1동
91,91,전농제2동
92,92,답십리제1동
93,93,답십리제2동
94,94,장안제1동
95,95,장안제2동
96,96,청량리동
97,97,회기동
98,98,휘경제1동
99,99,휘경제2동
100,100,이문제1동
101,101,이문제2동
102,6407,면목동
103,103,면목제2동
104,104,면목제4동
105,105,면목제5동
106,106,면목본동
107,107,면목제7동
108,108,면목제3.8동
109,109,상봉제1동
110,110,상봉제2동
111,111,중화제1동
112,112,중화제2동
113,113,묵제1동
114,114,묵제2동
115,115,망우본동
116,116,망우제3동
117,117,신내1동
118,118,신내2동
119,6145,길음동
120,120,성북동
121,121,삼선동
122,122,동선동
123,123,돈암제1동
124,124,돈암제2동
125,125,안암동
126,126,보문동
127,127,정릉제1동
128,128,정릉제2동
129,129,정릉제3동
130,130,정릉제4동
131,131,길음제1동
132,132,길음제2동
133,133,종암동
134,134,월곡제1동
135,135,월곡제2동
136,136,장위제1동
137,137,장위제2동
138,138,장위제3동
139,139,석관동
140,142,미아동
141,141,삼양동
142,142,미아동
143,143,송중동
144,144,송천동
145,145,삼각산동
146,146,번1동
147,147,번2동
148,148,번3동
149,149,수유1동
150,150,수유2동
151,151,수유3동
152,152,우이동
153,153,인수동
154,6080,창동
155,155,창제1동
156,156,창제2동
157,157,창제3동
158,158,창제4동
159,159,창제5동
160,160,도봉제1동
161,161,도봉제2동
162,162,쌍문제1동
163,163,쌍문제2동
164,164,쌍문제3동
165,165,쌍문제4동
166,166,방학제1동
167,167,방학제2동
168,168,방학제3동
169,6073,상계동
170,170,월계1동
171,171,월계2동
172,172,월계3동
173,173,공릉1동
174,174,공릉2동
175,175,하계1동
176,176,하계2동
177,177,중계본동
178,178,중계1동
179,179,중계4동
180,180,중계2.3동
181,181,상계1동
182,182,상계2동
183,183,상계3.4동
184,184,상계5동
185,185,상계6.7동
186,186,상계8동
187,187,상계9동
188,188,상계10동
189,205,진관동
190,190,녹번동
191,191,불광제1동
192,192,불광제2동
193,193,갈현제1동
194,194,갈현제2동
195,195,구산동
196,196,대조동
197,197,응암제1동
198,198,응암제2동
199,199,응암제3동
200,200,역촌동
201,201,신사제1동
202,202,신사제2동
203,203,증산동
204,204,수색동
205,205,진관동
206,211,연희동
207,207,천연동
208,208,북아현동
209,209,충현동
210,210,신촌동
211,211,연희동
212,212,홍제제1동
213,213,홍제제3동
214,214,홍제제2동
215,215,홍은제1동
216,216,홍은제2동
217,217,남가좌제1동
218,218,남가좌제2동
219,219,북가좌제1동
220,220,북가좌제2동
221,237,상암동
222,222,아현동
223,223,공덕동
224,224,도화동
225,225,용강동
226,226,대흥동
227,227,염리동
228,228,신수동
229,229,서강동
230,230,서교동
231,231,합정동
232,232,망원제1동
233,233,망원제2동
234,234,연남동
235,235,성산제1동
236,236,성산제2동
237,237,상암동
238,6190,목동
239,239,목1동
240,240,목2동
241,241,목3동
242,242,목4동
243,243,목5동
244,244,신월1동
245,245,신월2동
246,246,신월3동
247,247,신월4동
248,248,신월5동
249,249,신월6동
250,250,신월7동
251,251,신정1동
252,252,신정2동
253,253,신정3동
254,254,신정4동
255,255,신정6동
256,256,신정7동
257,6052,마곡동
258,258,염창동
259,259,등촌제1동
260,260,등촌제2동
261,261,등촌제3동
262,262,화곡제1동
263,263,화곡제2동
264,264,화곡제3동
265,265,화곡제4동
266,266,화곡본동
267,267,화곡제6동
268,268,화곡제8동
269,269,가양제1동
270,270,가양제2동
271,271,가양제3동
272,272,발산제1동
273,273,우장산동
274,274,공항동
275,275,방화제1동
276,276,방화제2동
277,277,방화제3동
278,6064,구로동
279,279,신도림동
280,280,구로제1동
281,281,구로제2동
282,282,구로제3동
283,283,구로제4동
284,284,구로제5동
285,285,가리봉동
286,286,고척제1동
287,287,고척제2동
288,288,개봉제1동
289,289,개봉제2동
290,290,개봉제3동
291,291,오류제1동
292,292,오류제2동
293,293,수궁동
294,295,가산동
295,295,가산동
296,296,독산제1동
297,297,독산제2동
298,298,독산제3동
299,299,독산제4동
300,300,시흥제1동
301,301,시흥제2동
302,302,시흥제3동
303,303,시흥제4동
304,304,시흥제5동
305,6216,여의도동
306,306,영등포본동
307,307,영등포동
308,308,여의동
309,309,당산제1동
310,310,당산제2동
311,311,도림동
312,312,문래동
313,313,양평제1동
314,314,양평제2동
315,315,신길제1동
316,316,신길제3동
317,317,신길제4동
318,318,신길제5동
319,319,신길제6동
320,320,신길제7동
321,321,대림제1동
322,322,대림제2동
323,323,대림제3동
324,6091,사당동
325,325,노량진제1동
326,326,노량진제2동
327,327,상도제1동
328,328,상도제2동
329,329,상도제3동
330,330,상도제4동
331,331,흑석동
332,332,사당제1동
333,333,사당제2동
334,334,사당제3동
335,335,사당제4동
336,336,사당제5동
337,337,대방동
338,338,신대방제1동
339,339,신대방제2동
340,355,신림동
341,341,보라매동
342,342,청림동
343,343,성현동
344,344,행운동
345,345,낙성대동
346,346,청룡동
347,347,은천동
348,348,중앙동
349,349,인헌동
350,350,남현동
351,351,서원동
352,352,신원동
353,353,서림동
354,354,신사동
355,355,신림동
356,356,난향동
357,357,조원동
358,358,대학동
359,359,삼성동
360,360,미성동
361,361,난곡동
362,6128,서초동
363,363,서초1동
364,364,서초2동
365,365,서초3동
366,366,서초4동
367,367,잠원동
368,368,반포본동
369,369,반포1동
370,370,반포2동
371,371,반포3동
372,372,반포4동
373,373,방배본동
374,374,방배1동
375,375,방배2동
376,376,방배3동
377,377,방배4동
378,378,양재1동
379,379,양재2동
380,380,내곡동
381,6035,역삼동
382,382,신사동
383,383,논현1동
384,384,논현2동
385,385,압구정동
386,386,청담동
387,387,삼성1동
388,388,삼성2동
389,389,대치1동
390,390,대치2동
391,391,대치4동
392,392,역삼1동
393,393,역삼2동
394,394,도곡1동
395,395,도곡2동
396,396,개포1동
397,397,개포2동
398,398,개포4동
399,399,세곡동
400,400,일원본동
401,401,일원1동
402,402,개포3동
403,403,수서동
404,6188,잠실동
405,405,풍납1동
406,406,풍납2동
407,407,거여1동
408,408,거여2동
409,409,마천1동
410,410,마천2동
411,411,방이1동
412,412,방이2동
413,413,오륜동
414,414,오금동
415,415,송파1동
416,416,송파2동
417,417,석촌동
418,418,삼전동
419,419,가락본동
420,420,가락1동
421,421,가락2동
422,422,문정1동
423,423,문정2동
424,424,장지동
425,425,위례동
426,426,잠실본동
427,427,잠실2동
428,428,잠실3동
429,429,잠실4동
430,430,잠실6동
431,431,잠실7동
432,6044,천호동
433,433,강일동
434,434,상일동
435,435,명일제1동
436,436,명일제2동
437,437,고덕제1동
438,438,고덕제2동
439,439,암사제1동
440,440,암사제2동
441,441,암사제3동
442,442,천호제1동
443,443,천호제2동
444,444,천호제3동
445,445,성내제1동
446,446,성내제2동
447,447,성내제3동
448,448,길동
449,449,둔촌제1동
450,450,둔촌제2동
451,453,중앙동
452,453,중앙동
453,453,중앙동
454,454,동광동
455,455,대청동
456,456,보수동
457,457,부평동
458,458,광복동
459,459,남포동
460,460,영주제1동
461,461,영주제2동
462,475,암남동
463,463,동대신제1동
464,464,동대신제2동
465,465,동대신제3동
466,466,서대신제1동
467,467,서대신제3동
468,468,서대신제4동
469,469,부민동
470,470,아미동
471,471,초장동
472,472,충무동
473,473,남부민제1동
474,474,남부민제2동
475,475,암남동
476,5903,초량동
477,477,초량제1동
478,478,초량제2동
479,479,초량제3동
480,480,초량제6동
481,481,수정제1동
482,482,수정제2동
483,483,수정제4동
484,484,수정제5동
485,485,좌천동
486,486,범일제1동
487,487,범일제2동
488,28,신당동
489,489,범일제5동
490,5968,동삼동
491,491,남항동
492,492,영선제1동
493,493,영선제2동
494,494,신선동
495,495,봉래제1동
496,496,봉래제2동
497,497,청학제1동
498,498,청학제2동
499,499,동삼제1동
500,500,동삼제2동
501,501,동삼제3동
502,5918,부전동
503,503,부전제1동
504,504,부전제2동
505,505,연지동
506,506,초읍동
507,507,양정제1동
508,508,양정제2동
509,509,전포제1동
510,510,전포제2동
511,511,부암제1동
512,512,부암제3동
513,513,당감제1동
514,514,당감제2동
515,515,당감제4동
516,516,가야제1동
517,517,가야제2동
518,518,개금제1동
519,519,개금제2동
520,520,개금제3동
521,521,범천제1동
522,522,범천제2동
523,28,신당동
524,5907,사직동
525,525,수민동
526,526,복산동
527,527,명륜동
528,528,온천제1동
529,529,온천제2동
530,530,온천제3동
531,531,사직제1동
532,532,사직제2동
533,533,사직제3동
534,534,안락제1동
535,535,안락제2동
536,536,명장제1동
537,537,명장제2동
538,5898,대연동
539,539,대연제1동
540,540,대연제3동
541,541,대연제4동
542,542,대연제5동
543,543,대연제6동
544,544,용호제1동
545,545,용호제2동
546,546,용호제3동
547,547,용호제4동
548,548,용당동
549,549,감만제1동
550,550,감만제2동
551,551,우암동
552,552,문현제1동
553,553,문현제2동
554,554,문현제3동
555,555,문현제4동
556,5924,화명동
557,557,구포제1동
558,558,구포제2동
559,559,구포제3동
560,560,금곡동
561,561,화명제1동
562,562,화명제2동
563,563,화명제3동
564,564,덕천제1동
565,565,덕천제2동
566,566,덕천제3동
567,567,만덕제1동
568,568,만덕제2동
569,569,만덕제3동
570,6026,우동
571,571,우제1동
572,572,우제2동
573,573,중제1동
574,574,중제2동
575,575,좌제1동
576,576,좌제2동
577,577,좌제3동
578,578,좌제4동
579,579,송정동
580,580,반여제1동
581,581,반여제2동
582,582,반여제3동
583,583,반여제4동
584,584,반송제1동
585,585,반송제2동
586,28,신당동
587,587,재송제1동
588,588,재송제2동
589,5933,하단동
590,590,괴정제1동
591,591,괴정제2동
592,592,괴정제3동
593,593,괴정제4동
594,594,당리동
595,595,하단제1동
596,596,하단제2동
597,597,신평제1동
598,598,신평제2동
599,599,장림제1동
600,600,장림제2동
601,601,다대제1동
602,602,다대제2동
603,603,구평동
604,604,감천제1동
605,605,감천제2동
606,5894,장전동
607,607,서제1동
608,608,서제2동
609,609,서제3동
610,610,금사동
611,611,부곡제1동
612,612,부곡제2동
613,613,부곡제3동
614,614,부곡제4동
615,615,장전제1동
616,616,장전제2동
617,617,장전제3동
618,618,선두구동
619,619,청룡노포동
620,620,남산동
621,621,구서제1동
622,622,구서제2동
623,623,금성동
624,5873,명지동
625,625,대저1동
626,626,대저2동
627,627,강동동
628,628,명지1동
629,629,가락동
630,630,녹산동
631,631,가덕도동
632,5960,연산동
633,633,거제제1동
634,634,거제제2동
635,635,거제제3동
636,636,거제제4동
637,637,연산제1동
638,638,연산제2동
639,639,연산제3동
640,640,연산제4동
641,641,연산제5동
642,642,연산제6동
643,643,연산제8동
644,644,연산제9동
645,5956,광안동
646,646,남천제1동
647,647,남천제2동
648,648,수영동
649,649,망미제1동
650,650,망미제2동
651,651,광안제1동
652,652,광안제2동
653,653,광안제3동
654,654,광안제4동
655,655,민락동
656,662,괘법동
657,657,삼락동
658,658,모라제1동
659,659,모라제3동
660,660,덕포제1동
661,661,덕포제2동
662,662,괘법동
663,663,감전동
664,664,주례제1동
665,665,주례제2동
666,666,주례제3동
667,667,학장동
668,668,엄궁동
669,4121,정관읍
670,670,기장읍
671,671,장안읍
672,672,일광읍
673,28,신당동
674,674,철마면
675,5682,남산동
676,5682,남산동
677,677,동인동
678,678,삼덕동
679,679,성내1동
680,680,성내2동
681,681,성내3동
682,682,대신동
683,683,남산1동
684,684,남산2동
685,685,남산3동
686,686,남산4동
687,687,대봉1동
688,688,대봉2동
689,5616,율하동
690,690,신암1동
691,691,신암2동
692,692,신암3동
693,693,신암4동
694,694,신암5동
695,695,신천1.2동
696,696,신천3동
697,697,신천4동
698,698,효목1동
699,699,효목2동
700,700,도평동
701,701,불로.봉무동
702,702,지저동
703,703,동촌동
704,704,방촌동
705,705,해안동
706,706,안심1동
707,707,안심2동
708,708,안심3.4동
709,709,공산동
710,5655,평리동
711,711,내당1동
712,712,내당2.3동
713,713,내당4동
714,714,비산1동
715,715,비산2.3동
716,716,비산4동
717,717,비산5동
718,718,비산6동
719,719,비산7동
720,720,평리1동
721,721,평리2동
722,722,평리3동
723,723,평리4동
724,724,평리5동
725,725,평리6동
726,726,상중이동
727,727,원대동
728,5563,대명동
729,729,이천동
730,730,봉덕1동
731,731,봉덕2동
732,732,봉덕3동
733,733,대명1동
734,734,대명2동
735,735,대명3동
736,736,대명4동
737,737,대명5동
738,738,대명6동
739,739,대명9동
740,740,대명10동
741,741,대명11동
742,763,동천동
743,743,고성동
744,744,칠성동
745,745,침산1동
746,746,침산2동
747,747,침산3동
748,748,산격1동
749,749,산격2동
750,750,산격3동
751,751,산격4동
752,752,대현동
753,753,복현1동
754,754,복현2동
755,755,검단동
756,756,무태조야동
757,757,관문동
758,758,태전1동
759,759,태전2동
760,760,구암동
761,761,관음동
762,762,읍내동
763,763,동천동
764,764,노원동
765,765,국우동
766,5663,범어동
767,767,범어1동
768,768,범어2동
769,769,범어3동
770,770,범어4동
771,771,만촌1동
772,772,만촌2동
773,773,만촌3동
774,774,수성1가동
775,775,수성2.3가동
776,776,수성4가동
777,777,황금1동
778,778,황금2동
779,779,중동
780,780,상동
781,781,파동
782,782,두산동
783,783,지산1동
784,784,지산2동
785,785,범물1동
786,786,범물2동
787,787,고산1동
788,788,고산2동
789,789,고산3동
790,5572,월성동
791,791,성당동
792,792,두류1.2동
793,793,두류3동
794,794,감삼동
795,795,죽전동
796,796,장기동
797,797,용산1동
798,798,용산2동
799,799,이곡1동
800,800,이곡2동
801,801,신당동
802,802,본리동
803,803,월성1동
804,804,월성2동
805,805,진천동
806,806,상인1동
807,807,상인2동
808,808,상인3동
809,809,도원동
810,810,송현1동
811,811,송현2동
812,812,본동
813,817,다사읍
814,814,화원읍
815,815,논공읍
816,28,신당동
817,817,다사읍
818,28,신당동
819,819,가창면
820,820,하빈면
821,821,옥포읍
822,822,현풍읍
823,823,유가읍
824,824,구지면
825,837,운서동
826,837,운서동
827,827,연안동
828,828,신포동
829,829,신흥동
830,830,도원동
831,831,율목동
832,832,동인천동
833,833,북성동
834,834,송월동
835,835,영종동
836,28,신당동
837,837,운서동
838,838,용유동
839,28,신당동
840,28,신당동
841,28,신당동
842,6506,송림동
843,843,만석동
844,844,화수1.화평동
845,845,화수2동
846,846,송현1.2동
847,847,송현3동
848,848,송림1동
849,849,송림2동
850,850,송림3.5동
851,851,송림4동
852,852,송림6동
853,853,금창동
854,6514,주안동
855,855,숭의2동
856,856,"숭의1,3동"
857,857,숭의4동
858,858,"용현1,4동"
859,859,용현2동
860,860,용현3동
861,861,용현5동
862,862,학익1동
863,863,학익2동
864,864,도화1동
865,865,"도화2,3동"
866,866,주안1동
867,867,주안2동
868,868,주안3동
869,869,주안4동
870,870,주안5동
871,871,주안6동
872,872,주안7동
873,873,주안8동
874,874,관교동
875,875,문학동
876,6543,송도동
877,877,옥련1동
878,878,옥련2동
879,879,선학동
880,880,연수1동
881,881,연수2동
882,882,연수3동
883,883,청학동
884,884,동춘1동
885,885,동춘2동
886,886,동춘3동
887,887,송도1동
888,888,송도2동
889,889,송도3동
890,6498,논현동
891,891,구월1동
892,892,구월2동
893,893,구월3동
894,894,구월4동
895,895,간석1동
896,896,간석2동
897,897,간석3동
898,898,간석4동
899,899,만수1동
900,900,만수2동
901,901,만수3동
902,902,만수4동
903,903,만수5동
904,904,만수6동
905,905,장수서창동
906,906,남촌도림동
907,907,논현1동
908,908,논현2동
909,909,논현고잔동
910,6519,부평동
911,911,부평1동
912,912,부평2동
913,913,부평3동
914,914,부평4동
915,915,부평5동
916,916,부평6동
917,917,산곡1동
918,918,산곡2동
919,919,산곡3동
920,920,산곡4동
921,921,청천1동
922,922,청천2동
923,923,갈산1동
924,924,갈산2동
925,925,삼산1동
926,926,삼산2동
927,927,부개1동
928,928,부개2동
929,929,부개3동
930,930,일신동
931,931,십정1동
932,932,십정2동
933,6489,작전동
934,934,효성1동
935,935,효성2동
936,936,계산1동
937,937,계산2동
938,938,계산3동
939,939,계산4동
940,940,작전1동
941,941,작전2동
942,942,작전서운동
943,943,계양1동
944,944,계양2동
945,945,계양3동
946,11007,아라동
947,947,검암경서동
948,948,연희동
949,949,청라1동
950,950,청라2동
951,951,가정1동
952,952,가정2동
953,953,가정3동
954,954,석남1동
955,955,석남2동
956,956,석남3동
957,957,신현원창동
958,958,가좌1동
959,959,가좌2동
960,960,가좌3동
961,961,가좌4동
962,962,검단동
963,963,불로대곡동
964,964,원당동
965,965,당하동
966,966,오류왕길동
967,28,신당동
968,969,강화읍
969,969,강화읍
970,970,선원면
971,971,불은면
972,972,길상면
973,973,화도면
974,974,양도면
975,975,내가면
976,976,하점면
978,978,송해면
980,980,삼산면
982,28,신당동
983,990,영흥면
985,28,신당동
988,28,신당동
990,990,영흥면
992,992,연평면
993,1004,학동
994,1004,학동
995,995,충장동
996,996,동명동
997,997,계림1동
998,998,계림2동
999,999,산수1동
1000,1000,산수2동
1001,1001,지산1동
1002,1002,지산2동
1003,1003,서남동
1004,1004,학동
1005,1005,학운동
1006,1006,지원1동
1007,1007,지원2동
1008,1015,치평동
1009,1009,양동
1010,1010,양3동
1011,1011,농성1동
1012,1012,농성2동
1013,1013,광천동
1014,1014,유덕동
1015,1015,치평동
1016,1016,상무1동
1017,1017,상무2동
1018,1018,화정1동
1019,1019,화정2동
1020,1020,화정3동
1021,1021,화정4동
1022,1022,서창동
1023,1023,금호1동
1024,1024,금호2동
1025,1025,풍암동
1026,1026,동천동
1027,5485,진월동
1028,1028,양림동
1029,1029,방림1동
1030,1030,방림2동
1031,1031,봉선1동
1032,1032,봉선2동
1033,1033,사직동
1034,1034,월산동
1035,1035,월산4동
1036,1036,월산5동
1037,1037,백운1동
1038,1038,백운2동
1039,1039,주월1동
1040,1040,주월2동
1041,1041,효덕동
1042,1042,송암동
1043,1043,대촌동
1044,1051,용봉동
1045,1045,중흥1동
1046,1046,중흥2동
1047,1047,중흥3동
1048,1048,중앙동
1049,1049,임동
1050,1050,신안동
1051,1051,용봉동
1052,1052,운암1동
1053,1053,운암2동
1054,1054,운암3동
1055,1055,동림동
1056,1056,우산동
1057,1057,풍향동
1058,1058,문화동
1059,1059,문흥1동
1060,1060,문흥2동
1061,1061,두암1동
1062,1062,두암2동
1063,1063,두암3동
1064,1064,삼각동
1065,1065,일곡동
1066,1066,매곡동
1067,1067,오치1동
1068,1068,오치2동
1069,1069,석곡동
1070,1070,건국동
1071,1071,양산동
1072,1086,수완동
1073,1073,송정1동
1074,1074,송정2동
1075,1075,도산동
1076,1076,신흥동
1077,1077,어룡동
1078,1078,우산동
1079,1079,월곡1동
1080,1080,월곡2동
1081,1081,비아동
1082,1082,첨단1동
1083,1083,첨단2동
1084,1084,신가동
1085,1085,운남동
1086,1086,수완동
1087,1087,하남동
1088,1088,임곡동
1089,1089,동곡동
1090,1090,평동
1092,1092,본량동
1093,1093,신창동
1094,1106,용전동
1095,1106,용전동
1096,1096,중앙동
1097,1097,효동
1098,1098,신인동
1099,1099,판암1동
1100,1100,판암2동
1101,1101,용운동
1102,1102,대동
1103,1103,자양동
1104,1104,가양1동
1105,1105,가양2동
1106,1106,용전동
1107,1107,성남동
1108,1108,홍도동
1109,1109,삼성동
1110,1110,대청동
1111,1111,산내동
1112,1116,대흥동
1113,1113,은행선화동
1114,1114,목동
1115,1115,중촌동
1116,1116,대흥동
1117,1117,문창동
1118,1118,석교동
1119,1119,대사동
1120,1120,부사동
1121,1121,용두동
1122,1122,오류동
1123,1123,태평1동
1124,1124,태평2동
1125,1125,유천1동
1126,1126,유천2동
1127,1127,문화1동
1128,1128,문화2동
1129,1129,산성동
1130,5793,둔산동
1131,1131,복수동
1132,1132,도마1동
1133,1133,도마2동
1134,1134,정림동
1135,1135,변동
1136,1136,용문동
1137,1137,탄방동
1138,1138,괴정동
1139,1139,가장동
1140,1140,내동
1141,1141,갈마1동
1142,1142,갈마2동
1143,1143,월평1동
1144,1144,월평2동
1145,1145,월평3동
1146,1146,가수원동
1147,1147,관저1동
1148,1148,관저2동
1149,1149,기성동
1150,1150,둔산1동
1151,1151,둔산2동
1152,1152,만년동
1153,1153,둔산3동
1154,4238,봉명동
1155,1155,진잠동
1156,1156,온천1동
1157,1157,온천2동
1158,1158,노은1동
1159,1159,노은2동
1160,1160,노은3동
1161,1161,신성동
1162,1162,전민동
1163,1163,구즉동
1164,1164,관평동
1165,1165,원신흥동
1166,1171,송촌동
1167,1167,오정동
1168,1168,대화동
1169,1169,회덕동
1170,1170,비래동
1171,1171,송촌동
1172,1172,중리동
1173,1173,신탄진동
1174,1174,석봉동
1175,1175,덕암동
1176,1176,목상동
1177,1177,법1동
1178,1178,법2동
1179,1188,태화동
1180,1188,태화동
1181,1181,학성동
1182,1182,반구1동
1183,1183,반구2동
1184,1184,복산1동
1185,1185,복산2동
1186,1186,중앙동
1187,1187,우정동
1188,1188,태화동
1189,1189,다운동
1190,1190,병영1동
1191,1191,병영2동
1192,1192,약사동
1193,1193,성안동
1194,1201,삼산동
1195,1195,신정1동
1196,1196,신정2동
1197,1197,신정3동
1198,1198,신정4동
1199,1199,신정5동
1200,1200,달동
1201,1201,삼산동
1202,1202,삼호동
1203,1203,무거동
1204,1204,옥동
1205,1205,대현동
1206,1206,수암동
1207,1207,선암동
1208,1208,야음장생포동
1209,1210,방어동
1210,1210,방어동
1211,1211,일산동
1212,1212,화정동
1213,1213,대송동
1214,1214,전하1동
1215,1215,전하2동
1216,1216,남목1동
1217,1217,남목2동
1218,1218,남목3동
1219,6458,화봉동
1220,1220,농소1동
1221,1221,농소2동
1222,1222,농소3동
1223,1223,강동동
1224,1224,효문동
1225,1225,송정동
1226,1226,양정동
1227,1227,염포동
1228,1232,범서읍
1229,1229,온산읍
1230,1230,언양읍
1231,1231,온양읍
1232,1232,범서읍
1233,1233,서생면
1234,1234,청량읍
1235,1235,웅촌면
1236,1236,두동면
1237,1237,두서면
1238,1238,상북면
1239,1239,삼남읍
1240,1240,삼동면
1241,1243,조치원읍
1242,28,신당동
1243,1243,조치원읍
1244,1244,연기면
1245,1245,연동면
1246,1246,부강면
1247,1247,금남면
1248,1248,장군면
1249,1249,연서면
1250,1250,전의면
1251,1251,전동면
1252,1252,소정면
1253,1253,한솔동
1254,1254,도담동
1255,1255,아름동
1256,4543,정자동
1257,28,신당동
1258,28,신당동
1259,4543,정자동
1260,1260,파장동
1261,1261,율천동
1262,1262,정자1동
1263,1263,정자2동
1264,1264,정자3동
1265,1265,영화동
1266,1266,송죽동
1267,1267,조원1동
1268,1268,조원2동
1269,1269,연무동
1270,3963,호매실동
1271,1271,세류1동
1272,1272,세류2동
1273,1273,세류3동
1274,1274,평동
1275,1275,서둔동
1276,1276,구운동
1277,28,신당동
1278,1278,권선1동
1279,1279,권선2동
1280,1280,곡선동
1281,1281,입북동
1282,1291,인계동
1283,1283,매교동
1284,1284,매산동
1285,1285,고등동
1286,1286,화서1동
1287,1287,화서2동
1288,1288,지동
1289,1289,우만1동
1290,1290,우만2동
1291,1291,인계동
1292,1292,행궁동
1293,1298,원천동
1294,1294,매탄1동
1295,1295,매탄2동
1296,1296,매탄3동
1297,1297,매탄4동
1298,1298,원천동
1299,1299,영통1동
1300,1300,영통2동
1301,1301,태장동
1302,1302,광교1동
1303,1303,광교2동
1304,28,신당동
1305,3971,위례동
1306,1306,신흥1동
1307,1307,신흥2동
1308,1308,신흥3동
1309,1309,태평1동
1310,1310,태평2동
1311,1311,태평3동
1312,1312,태평4동
1313,1313,수진1동
1314,1314,수진2동
1315,1315,단대동
1316,1316,산성동
1317,1317,양지동
1318,1318,복정동
1319,1319,신촌동
1320,1320,고등동
1321,1321,시흥동
1322,1323,성남동
1323,1323,성남동
1324,1324,중앙동
1325,1325,금광1동
1326,1326,금광2동
1327,1327,은행1동
1328,1328,은행2동
1329,1329,상대원1동
1330,1330,상대원2동
1331,1331,상대원3동
1332,1332,하대원동
1333,1333,도촌동
1334,1351,삼평동
1335,1335,분당동
1336,1336,수내1동
1337,1337,수내2동
1338,1338,수내3동
1339,1339,정자동
1340,1340,정자1동
1341,1341,정자2동
1342,1342,정자3동
1343,1343,서현1동
1344,1344,서현2동
1345,1345,이매1동
1346,1346,이매2동
1347,1347,야탑1동
1348,1348,야탑2동
1349,1349,야탑3동
1350,1350,판교동
1351,1351,삼평동
1352,1352,백현동
1353,1353,금곡동
1354,1354,구미1동
1355,1355,구미동
1356,1356,운중동
1357,4745,의정부동
1358,1358,의정부1동
1359,1359,의정부2동
1360,1360,의정부3동
1361,1361,호원1동
1362,1362,호원2동
1363,1363,장암동
1364,1364,신곡1동
1365,1365,신곡2동
1366,1366,송산1동
1367,1367,송산2동
1368,1368,자금동
1369,1369,가능동
1370,28,신당동
1371,28,신당동
1372,1372,녹양동
1373,28,신당동
1374,1385,석수2동
1375,1375,안양1동
1376,1376,안양2동
1377,1377,안양3동
1378,1378,안양4동
1379,1379,안양5동
1380,1380,안양6동
1381,1381,안양7동
1382,1382,안양8동
1383,1383,안양9동
1384,1384,석수1동
1385,1385,석수2동
1386,1386,충훈동
1387,1387,박달1동
1388,1388,호현동
1389,4637,관양동
1390,1390,비산1동
1391,1391,비산2동
1392,1392,비산3동
1393,1393,부흥동
1394,1394,달안동
1395,1395,관양1동
1396,1396,인덕원동
1397,1397,부림동
1398,1398,평촌동
1399,1399,평안동
1400,1400,귀인동
1401,1401,호계1동
1402,1402,호계2동
1403,1403,호계3동
1404,1404,범계동
1405,1405,신촌동
1406,1406,갈산동
1407,28,신당동
1408,1420,중동
1409,1409,심곡1동
1410,1410,심곡2동
1411,1411,심곡3동
1412,1412,원미1동
1413,1413,원미2동
1414,1414,소사동
1415,1415,역곡1동
1416,1416,역곡2동
1417,1417,춘의동
1418,1418,도당동
1419,1419,약대동
1420,1420,중동
1421,1421,중1동
1422,1422,중2동
1423,1423,중3동
1424,1424,중4동
1425,1425,상동
1426,1426,상1동
1427,1427,상2동
1428,1428,상3동
1429,4495,옥길동
1430,1430,심곡본1동
1431,1431,심곡본동
1432,1432,소사본동
1433,1433,소사본3동
1434,1434,범박동
1435,1435,괴안동
1436,1436,역곡3동
1437,1437,송내1동
1438,1438,송내2동
1439,4497,원종동
1440,1440,성곡동
1441,1441,원종1동
1442,1442,원종2동
1443,1443,고강본동
1444,1444,고강1동
1445,1445,오정동
1446,1446,신흥동
1447,4440,일직동
1448,1448,광명1동
1449,1449,광명2동
1450,1450,광명3동
1451,1451,광명4동
1452,1452,광명5동
1453,1453,광명6동
1454,1454,광명7동
1455,1455,철산1동
1456,1456,철산2동
1457,1457,철산3동
1458,1458,철산4동
1459,1459,하안1동
1460,1460,하안2동
1461,1461,하안3동
1462,1462,하안4동
1463,1463,소하1동
1464,1464,소하2동
1465,1465,학온동
1466,11139,고덕동
1467,1467,팽성읍
1468,1468,안중읍
1469,1469,포승읍
1470,1470,진위면
1471,1471,서탄면
1472,1472,고덕면
1473,1473,오성면
1474,1474,청북읍
1475,1475,현덕면
1476,1476,중앙동
1477,1477,서정동
1478,1478,송탄동
1479,1479,지산동
1480,1480,송북동
1481,1481,신장1동
1482,1482,신장2동
1483,1483,신평동
1484,1484,원평동
1485,1485,통복동
1486,1486,비전1동
1487,1487,비전2동
1488,1488,세교동
1489,28,신당동
1490,28,신당동
1491,4483,지행동
1492,1492,생연1동
1493,1493,생연2동
1494,1494,중앙동
1495,1495,보산동
1496,1496,불현동
1497,1497,송내동
1498,1498,소요동
1499,1499,상패동
1500,28,신당동
1501,1504,사동
1502,1502,일동
1503,1503,이동
1504,1504,사동
1505,1505,사이동
1506,1506,해양동
1507,1507,본오1동
1508,1508,본오2동
1509,1509,본오3동
1510,1510,부곡동
1511,1511,월피동
1512,1512,성포동
1513,1513,반월동
1514,1514,안산동
1515,1517,고잔동
1516,1516,와동
1517,1517,고잔동
1518,1518,중앙동
1519,1519,호수동
1520,1520,원곡동
1521,1521,백운동
1522,28,신당동
1523,1523,초지동
1524,1524,선부1동
1525,1525,선부2동
1526,1526,선부3동
1527,1527,대부동
1528,28,신당동
1529,4410,행신동
1530,1530,주교동
1531,1531,원신동
1532,1532,흥도동
1533,1533,성사1동
1534,1534,성사2동
1535,1535,효자동
1536,1536,삼송동
1537,1537,창릉동
1538,1538,고양동
1539,1539,관산동
1540,1540,능곡동
1541,1541,화정1동
1542,1542,화정2동
1543,1543,행주동
1544,1544,행신1동
1545,1545,행신2동
1546,1546,행신3동
1547,1547,화전동
1548,1548,대덕동
1549,1550,식사동
1550,1550,식사동
1551,1551,중산동
1552,1552,정발산동
1553,1553,풍산동
1554,1554,백석1동
1555,1555,백석2동
1556,1556,마두1동
1557,1557,마두2동
1558,1558,장항1동
1559,1559,장항2동
1560,1560,고봉동
1561,1568,대화동
1562,1562,일산1동
1563,1563,일산2동
1564,1564,일산3동
1565,1565,탄현동
1566,1566,주엽1동
1567,1567,주엽2동
1568,1568,대화동
1569,1569,송포동
1570,1570,송산동
1571,1573,갈현동
1572,1572,중앙동
1573,1573,갈현동
1574,1574,별양동
1575,1575,부림동
1576,1576,과천동
1577,1577,문원동
1578,1581,인창동
1579,1579,갈매동
1580,1580,동구동
1581,1581,인창동
1582,1582,교문1동
1583,1583,교문2동
1584,1584,수택1동
1585,1585,수택2동
1586,1586,수택3동
1587,1604,별내동
1588,1588,와부읍
1589,1589,진접읍
1590,1590,화도읍
1591,28,신당동
1592,1592,진건읍
1593,1593,오남읍
1594,1594,별내면
1595,1595,수동면
1596,1596,조안면
1597,1597,퇴계원읍
1598,1598,호평동
1599,1599,평내동
1600,1600,금곡동
1601,1601,양정동
1602,1602,다산2동
1603,1603,다산1동
1604,1604,별내동
1605,28,신당동
1606,4701,원동
1607,1607,중앙동
1608,1608,남촌동
1609,1609,신장동
1610,1610,세마동
1611,1611,초평동
1612,1612,대원동
1613,4245,배곧동
1614,1614,대야동
1615,1615,신천동
1616,1616,신현동
1617,1617,은행동
1618,1618,매화동
1619,1619,목감동
1620,1620,군자동
1621,1621,월곶동
1622,1622,정왕본동
1623,1623,정왕1동
1624,1624,정왕2동
1625,1625,정왕3동
1626,1626,정왕4동
1627,1627,과림동
1628,1628,연성동
1629,1629,장곡동
1630,1630,능곡동
1631,4464,산본동
1632,1632,군포1동
1633,1633,군포2동
1634,1634,산본1동
1635,1635,산본2동
1636,1636,금정동
1637,1637,재궁동
1638,1638,오금동
1639,1639,수리동
1640,1640,궁내동
1641,1641,대야동
1642,1642,광정동
1643,1646,오전동
1644,1644,고천동
1645,1645,부곡동
1646,1646,오전동
1647,1647,내손1동
1648,1648,내손2동
1649,1649,청계동
1650,4814,망월동
1651,1651,천현동
1652,1652,신장1동
1653,1653,신장2동
1654,1654,덕풍1동
1655,1655,덕풍2동
1656,1656,덕풍3동
1657,1657,풍산동
1658,1658,감북동
1659,1659,춘궁동
1660,1660,초이동
1661,1661,미사1동
1662,1662,미사2동
1663,28,신당동
1664,4726,역북동
1665,1665,포곡읍
1666,1666,모현읍
1667,1667,남사읍
1668,1668,이동읍
1669,1669,원삼면
1670,1670,백암면
1671,1671,양지읍
1672,1672,중앙동
1673,1673,역삼동
1674,1674,유림동
1675,1675,동부동
1676,1679,구갈동
1677,1677,신갈동
1678,1678,영덕동
1679,1679,구갈동
1680,1680,상갈동
1681,1681,기흥동
1682,1682,서농동
1683,1683,구성동
1684,1684,마북동
1685,1685,동백동
1686,1686,상하동
1687,1687,보정동
1688,1697,성복동
1689,1689,풍덕천1동
1690,1690,풍덕천2동
1691,1691,신봉동
1692,1692,죽전1동
1693,1693,죽전2동
1694,1694,동천동
1695,1695,상현1동
1696,1696,상현2동
1697,1697,성복동
1698,4774,야당동
1699,1699,문산읍
1700,1700,파주읍
1701,1701,법원읍
1702,1702,조리읍
1703,1703,월롱면
1704,1704,탄현면
1705,1705,광탄면
1706,1706,파평면
1707,1707,적성면
1708,1708,군내면
1709,28,신당동
1711,1711,진동면
1713,1713,금촌1동
1714,1714,금촌2동
1715,1715,금촌3동
1716,1716,교하동
1717,1717,운정1동
1718,1718,운정2동
1719,1719,운정3동
1720,1722,부발읍
1721,1721,장호원읍
1722,1722,부발읍
1723,1723,신둔면
1724,1724,백사면
1725,1725,호법면
1726,1726,마장면
1727,1727,대월면
1728,1728,모가면
1729,1729,설성면
1730,1730,율면
1731,1731,창전동
1732,1732,증포동
1733,1733,중리동
1734,1734,관고동
1735,1736,공도읍
1736,1736,공도읍
1737,1737,보개면
1738,1738,금광면
1739,1739,서운면
1740,1740,미양면
1741,1741,대덕면
1742,1742,양성면
1743,1743,원곡면
1744,1744,일죽면
1745,1745,죽산면
1746,1746,삼죽면
1747,1747,고삼면
1748,1748,안성1동
1749,1749,안성2동
1750,1750,안성3동
1751,1762,장기동
1752,1752,통진읍
1753,1753,고촌읍
1754,1754,양촌읍
1755,1755,대곶면
1756,1756,월곶면
1757,1757,하성면
1758,1758,김포본동
1759,1759,장기본동
1760,1760,사우동
1761,1761,풍무동
1762,1762,장기동
1763,1763,구래동
1764,1764,운양동
1765,1766,봉담읍
1766,1766,봉담읍
1767,1767,우정읍
1768,1768,향남읍
1769,1769,남양읍
1770,1770,매송면
1771,1771,비봉면
1772,1772,마도면
1773,1773,송산면
1774,1774,서신면
1775,1775,팔탄면
1776,1776,장안면
1777,1777,양감면
1778,1778,정남면
1779,1779,동탄6동
1780,1780,진안동
1781,1781,병점1동
1782,1782,병점2동
1783,1783,반월동
1784,1784,기배동
1785,1785,화산동
1786,1786,동탄1동
1787,1787,동탄2동
1788,1788,동탄3동
1789,1789,동탄4동
1790,28,신당동
1791,1793,초월읍
1792,1792,오포읍
1793,1793,초월읍
1794,1794,곤지암읍
1795,1795,도척면
1796,1796,퇴촌면
1797,1797,남종면
1798,28,신당동
1799,1799,경안동
1800,1800,송정동
1801,1801,광남동
1802,4656,옥정동
1803,1803,백석읍
1804,1804,은현면
1805,1805,남면
1806,1806,광적면
1807,1807,장흥면
1808,1808,양주1동
1809,1809,양주2동
1810,1810,회천1동
1811,1811,회천2동
1812,1812,회천3동
1813,1813,회천4동
1814,1815,소흘읍
1815,1815,소흘읍
1816,1816,군내면
1817,1817,내촌면
1818,1818,가산면
1819,1819,신북면
1820,1820,창수면
1821,1821,영중면
1822,1822,일동면
1823,1823,이동면
1824,1824,영북면
1825,1825,관인면
1826,1826,화현면
1827,1827,포천동
1828,1828,선단동
1829,1830,가남읍
1830,1830,가남읍
1831,1831,점동면
1832,1832,흥천면
1833,1833,금사면
1834,1834,세종대왕면
1835,1835,대신면
1836,1836,북내면
1837,1837,강천면
1838,1838,산북면
1839,1839,여흥동
1840,1840,중앙동
1841,1841,오학동
1842,1844,전곡읍
1843,1843,연천읍
1844,1844,전곡읍
1845,1845,군남면
1846,1846,청산면
1847,1847,백학면
1848,1848,미산면
1850,1850,신서면
1852,1852,장남면
1853,1854,가평읍
1854,1854,가평읍
1855,1855,설악면
1856,1856,청평면
1857,1857,상면
1858,28,신당동
1859,1859,북면
1860,1861,양평읍
1861,1861,양평읍
1862,1862,강상면
1863,1863,강하면
1864,1864,양서면
1865,1865,옥천면
1866,1866,서종면
1867,1867,단월면
1868,1868,청운면
1869,1869,양동면
1870,1870,지평면
1871,1871,용문면
1872,1872,개군면
1873,1898,퇴계동
1874,28,신당동
1875,1898,퇴계동
1876,1876,신북읍
1877,1877,동면
1878,1878,동산면
1879,1879,신동면
1880,1880,남면
1882,1882,사북면
1884,1884,동내면
1885,1885,남산면
1886,1886,교동
1887,1887,조운동
1888,1888,약사명동
1889,1889,근화동
1890,1890,소양동
1891,1891,후평1동
1892,1892,후평2동
1893,1893,후평3동
1894,1894,효자1동
1895,1895,효자2동
1896,1896,효자3동
1897,1897,석사동
1898,1898,퇴계동
1899,1899,강남동
1900,1900,신사우동
1901,1916,단구동
1902,1902,문막읍
1903,1903,소초면
1904,1904,호저면
1905,1905,지정면
1906,1906,부론면
1908,1908,흥업면
1909,1909,판부면
1910,1910,신림면
1911,1911,중앙동
1912,1912,원인동
1913,1913,개운동
1914,1914,명륜1동
1915,1915,명륜2동
1916,1916,단구동
1917,1917,일산동
1918,1918,학성동
1919,1919,단계동
1920,1920,우산동
1921,1921,태장1동
1922,1922,태장2동
1923,1923,봉산동
1924,1924,행구동
1925,1925,무실동
1926,1926,반곡관설동
1927,4253,교동
1928,1928,주문진읍
1929,1929,성산면
1930,1930,왕산면
1931,1931,구정면
1932,1932,강동면
1933,1933,옥계면
1934,1934,사천면
1935,1935,연곡면
1936,1936,홍제동
1937,1937,중앙동
1938,1938,옥천동
1939,1939,교1동
1942,1942,포남2동
1943,1943,초당동
1944,1944,송정동
1945,1945,내곡동
1946,1946,강남동
1947,1947,성덕동
1948,1948,경포동
1949,1950,천곡동
1950,1950,천곡동
1951,1951,송정동
1952,1952,북삼동
1953,1953,부곡동
1954,1954,동호동
1955,1955,발한동
1956,1956,묵호동
1957,1957,북평동
1958,1958,망상동
1959,1959,삼화동
1960,1961,황지동
1961,1961,황지동
1962,1962,황연동
1963,1963,삼수동
1964,1964,상장동
1965,1965,문곡소도동
1966,1966,장성동
1967,1967,구문소동
1968,1968,철암동
1969,1975,조양동
1970,1970,영랑동
1971,1971,동명동
1972,1972,금호동
1973,1973,교동
1974,1974,노학동
1975,1975,조양동
1976,1976,청호동
1977,1977,대포동
1978,1989,교동
1979,1979,도계읍
1980,1980,원덕읍
1981,28,신당동
1982,1982,근덕면
1983,1983,하장면
1985,1985,미로면
1988,1988,남양동
1989,1989,교동
1990,1990,정라동
1991,1991,성내동
1992,1993,홍천읍
1993,1993,홍천읍
1994,1994,화촌면
1995,1995,두촌면
1996,1996,내촌면
1998,1998,영귀미면
1999,1999,남면
2000,2000,서면
2001,2001,북방면
2002,2002,내면
2003,2004,횡성읍
2004,2004,횡성읍
2005,2005,우천면
2006,2006,안흥면
2007,2007,둔내면
2008,2008,갑천면
2009,2009,청일면
2010,2010,공근면
2011,2011,서원면
2012,2012,강림면
2013,2014,영월읍
2014,2014,영월읍
2015,2015,상동읍
2017,2017,김삿갓면
2018,2018,북면
2019,2019,남면
2020,2020,한반도면
2021,28,신당동
2022,2022,주천면
2023,28,신당동
2024,2033,대관령면
2025,2025,평창읍
2027,2027,방림면
2028,28,신당동
2029,2029,대화면
2030,2030,봉평면
2031,2031,용평면
2032,2032,진부면
2033,2033,대관령면
2034,2035,정선읍
2035,2035,정선읍
2036,2036,고한읍
2037,2037,사북읍
2038,2038,신동읍
2039,28,신당동
2040,2040,남면
2041,2041,북평면
2042,2042,임계면
2043,2043,화암면
2045,2049,동송읍
2046,2046,철원읍
2047,2047,김화읍
2048,2048,갈말읍
2049,2049,동송읍
2050,2050,서면
2051,28,신당동
2052,2052,근남면
2058,2059,화천읍
2059,2059,화천읍
2060,2060,간동면
2061,2061,하남면
2062,2062,상서면
2063,2063,사내면
2064,2065,양구읍
2065,2065,양구읍
2066,2066,국토정중앙면
2067,2067,동면
2068,2068,방산면
2069,2069,해안면
2070,2071,인제읍
2071,2071,인제읍
2072,28,신당동
2073,2073,남면
2074,2074,북면
2075,2075,기린면
2076,2076,서화면
2077,2077,상남면
2078,2083,토성면
2079,2079,간성읍
2080,2080,거진읍
2081,2081,현내면
2082,2082,죽왕면
2083,2083,토성면
2084,2084,수동면
2085,2086,양양읍
2086,2086,양양읍
2087,2087,서면
2088,2088,손양면
2089,2089,현북면
2090,2090,현남면
2091,2091,강현면
2092,7169,용암동
2093,28,신당동
2094,7169,용암동
2095,2095,낭성면
2096,2096,미원면
2097,2097,가덕면
2098,2098,남일면
2099,2099,문의면
2100,2100,중앙동
2101,2101,성안동
2102,2102,탑대성동
2103,2103,영운동
2104,2104,금천동
2105,2105,용담.명암.산성동
2106,2106,용암1동
2107,2107,용암2동
2108,2116,분평동
2109,2109,남이면
2110,2110,현도면
2111,2111,사직1동
2112,2112,사직2동
2113,2113,사창동
2114,2114,모충동
2115,2115,산남동
2116,2116,분평동
2117,2117,수곡1동
2118,2118,수곡2동
2119,2119,성화.개신.죽림동
2120,2127,가경동
2121,2121,오송읍
2122,2122,강내면
2123,2123,옥산면
2124,2124,운천.신봉동
2125,2125,복대1동
2126,2126,복대2동
2127,2127,가경동
2128,2128,봉명1동
2129,2129,봉명2.송정동
2130,2130,강서제1동
2131,2131,강서제2동
2132,2134,오창읍
2133,2133,내수읍
2134,2134,오창읍
2136,2136,우암동
2137,2137,내덕1동
2138,2138,내덕2동
2139,2139,율량.사천동
2140,2140,오근장동
2141,2165,연수동
2142,2142,주덕읍
2143,2143,살미면
2144,2144,수안보면
2145,2145,대소원면
2146,2146,신니면
2147,2147,노은면
2148,2148,앙성면
2149,2149,중앙탑면
2150,2150,금가면
2151,2151,동량면
2152,2152,산척면
2153,2153,엄정면
2154,2154,소태면
2155,2155,성내.충인동
2156,2156,교현.안림동
2157,2157,교현2동
2158,2158,용산동
2159,2159,지현동
2160,2160,문화동
2161,2161,호암.직동
2162,2162,달천동
2163,2163,봉방동
2164,2164,칠금.금릉동
2165,2165,연수동
2167,7146,장락동
2168,2168,봉양읍
2169,2169,금성면
2170,2170,청풍면
2172,2172,덕산면
2174,2174,백운면
2175,2175,송학면
2176,2176,교동
2177,28,신당동
2178,28,신당동
2179,2179,남현동
2180,2180,영서동
2181,2181,용두동
2182,2182,신백동
2183,2183,청전동
2184,2184,화산동
2185,2186,보은읍
2186,2186,보은읍
2188,2188,장안면
2189,2189,마로면
2191,2191,삼승면
2195,2195,내북면
2197,2198,옥천읍
2198,2198,옥천읍
2199,2199,동이면
2200,2200,안남면
2201,2201,안내면
2203,2203,청산면
2204,2204,이원면
2205,2205,군서면
2206,2206,군북면
2207,2208,영동읍
2208,2208,영동읍
2209,2209,용산면
2210,2210,황간면
2211,2211,추풍령면
2212,2212,매곡면
2213,2213,상촌면
2214,2214,양강면
2216,2216,학산면
2217,2217,양산면
2218,2218,심천면
2219,2220,증평읍
2220,2220,증평읍
2221,2221,도안면
2222,2224,덕산읍
2223,2223,진천읍
2224,2224,덕산읍
2225,2225,초평면
2226,2226,문백면
2227,2227,백곡면
2228,2228,이월면
2229,2229,광혜원면
2230,2231,괴산읍
2231,2231,괴산읍
2232,2232,감물면
2233,2233,장연면
2234,2234,연풍면
2235,2235,칠성면
2236,2236,문광면
2237,2237,청천면
2238,2238,청안면
2239,2239,사리면
2240,2240,소수면
2241,2241,불정면
2242,2244,금왕읍
2243,2243,음성읍
2244,2244,금왕읍
2245,2245,소이면
2246,2246,원남면
2247,2247,맹동면
2248,2248,대소읍
2249,2249,삼성면
2250,2250,생극면
2251,2251,감곡면
2252,2253,단양읍
2253,2253,단양읍
2254,2254,매포읍
2255,2255,대강면
2256,2256,가곡면
2257,2257,영춘면
2259,2259,적성면
2261,2278,신방동
2262,28,신당동
2263,2278,신방동
2264,2264,목천읍
2265,2265,풍세면
2266,2266,광덕면
2267,2267,북면
2268,2268,성남면
2269,2269,수신면
2270,2270,병천면
2271,2271,동면
2272,2272,중앙동
2273,2273,문성동
2274,2274,원성1동
2275,2275,원성2동
2276,2276,봉명동
2277,2277,일봉동
2278,2278,신방동
2279,2279,청룡동
2280,2280,신안동
2281,2292,불당동
2282,2282,성환읍
2283,2283,성거읍
2284,2284,직산읍
2285,2285,입장면
2286,2286,성정1동
2287,2287,성정2동
2288,2288,쌍용1동
2289,2289,쌍용2동
2290,2290,쌍용3동
2291,2291,백석동
2292,2292,불당동
2293,2293,부성1동
2294,2294,부성2동
2295,2310,신관동
2296,2296,유구읍
2297,2297,이인면
2298,2298,탄천면
2299,2299,계룡면
2300,2300,반포면
2301,2301,의당면
2302,2302,정안면
2303,2303,우성면
2304,2304,사곡면
2305,2305,신풍면
2306,2306,중학동
2307,2307,웅진동
2308,2308,금학동
2309,2309,옥룡동
2310,2310,신관동
2311,2311,월송동
2312,7064,동대동
2313,2313,웅천읍
2314,2314,주포면
2315,2315,오천면
2316,28,신당동
2317,28,신당동
2318,2318,천북면
2319,2319,청소면
2320,2320,청라면
2321,2321,남포면
2322,2322,주산면
2323,2323,미산면
2324,2324,성주면
2325,2325,주교면
2326,2326,대천1동
2327,2327,대천2동
2328,2328,대천3동
2329,2329,대천4동
2330,2330,대천5동
2331,2333,배방읍
2332,2332,염치읍
2333,2333,배방읍
2334,2334,송악면
2335,2335,탕정면
2336,2336,음봉면
2337,2337,둔포면
2338,2338,영인면
2339,2339,인주면
2340,2340,선장면
2341,2341,도고면
2342,2342,신창면
2343,2343,온양1동
2344,2344,온양2동
2345,2345,온양3동
2346,2346,온양4동
2347,2347,온양5동
2348,2348,온양6동
2349,7075,예천동
2350,2350,대산읍
2351,2351,인지면
2352,2352,부석면
2353,2353,팔봉면
2354,2354,지곡면
2355,2355,성연면
2356,2356,음암면
2357,2357,운산면
2358,2358,해미면
2359,2359,고북면
2360,2360,부춘동
2361,2361,동문1동
2362,2362,동문2동
2363,2363,수석동
2364,2364,석남동
2365,7042,내동
2366,2366,강경읍
2367,2367,연무읍
2368,2368,성동면
2369,2369,광석면
2370,2370,노성면
2371,2371,상월면
2372,2372,부적면
2373,2373,연산면
2374,2374,벌곡면
2375,2375,양촌면
2376,2376,가야곡면
2377,2377,은진면
2378,2378,채운면
2379,2379,취암동
2380,2380,부창동
2381,2383,엄사면
2382,2382,두마면
2383,2383,엄사면
2384,2384,신도안면
2385,2385,금암동
2386,2388,송악읍
2387,2387,합덕읍
2388,2388,송악읍
2389,2389,고대면
2390,2390,석문면
2391,2391,대호지면
2392,2392,정미면
2393,2393,면천면
2394,2394,순성면
2395,2395,우강면
2396,2396,신평면
2397,2397,송산면
2398,2398,당진1동
2399,2399,당진2동
2400,2400,당진3동
2401,2402,금산읍
2402,2402,금산읍
2403,2403,금성면
2404,2404,제원면
2405,2405,부리면
2406,2406,군북면
2407,2407,남일면
2409,2409,진산면
2410,2410,복수면
2411,2411,추부면
2412,2413,부여읍
2413,2413,부여읍
2414,2414,규암면
2415,2415,은산면
2416,2416,외산면
2418,2418,구룡면
2419,2419,홍산면
2420,2420,옥산면
2421,2421,남면
2423,2423,양화면
2424,2424,임천면
2425,2425,장암면
2426,2426,세도면
2427,2427,석성면
2428,2428,초촌면
2429,2431,서천읍
2430,2430,장항읍
2431,2431,서천읍
2432,2432,마서면
2433,2433,화양면
2434,2434,기산면
2435,2435,한산면
2439,2439,판교면
2440,2440,종천면
2441,2441,비인면
2442,2442,서면
2443,2444,청양읍
2444,2444,청양읍
2446,2446,대치면
2447,2447,정산면
2450,2450,장평면
2451,2451,남양면
2452,2452,화성면
2453,2453,비봉면
2454,2457,홍북읍
2455,2455,홍성읍
2456,2456,광천읍
2457,2457,홍북읍
2458,2458,금마면
2459,2459,홍동면
2460,2460,장곡면
2461,2461,은하면
2462,2462,결성면
2463,2463,서부면
2464,2464,갈산면
2465,2465,구항면
2466,2467,예산읍
2467,2467,예산읍
2468,2468,삽교읍
2469,2469,대술면
2470,2470,신양면
2471,2471,광시면
2472,2472,대흥면
2473,2473,응봉면
2474,2474,덕산면
2475,2475,봉산면
2476,2476,고덕면
2477,2477,신암면
2478,2478,오가면
2479,2480,태안읍
2480,2480,태안읍
2481,2481,안면읍
2482,2482,고남면
2483,2483,남면
2484,2484,근흥면
2485,2485,소원면
2486,2486,원북면
2487,2487,이원면
2488,2499,서신동
2489,28,신당동
2490,2499,서신동
2491,2491,중앙동
2492,2492,풍남동
2493,2493,노송동
2494,2494,완산동
2495,2495,동서학동
2496,2496,서서학동
2497,2497,중화산1동
2498,2498,중화산2동
2499,2499,서신동
2500,2500,평화1동
2501,2501,평화2동
2502,2502,삼천1동
2503,2503,삼천2동
2504,2504,삼천3동
2505,2505,효자1동
2506,2506,효자2동
2507,2507,효자3동
2508,2508,효자4동
2509,6878,송천동2가
2510,2510,진북동
2511,2511,인후1동
2512,2512,인후2동
2513,2513,인후3동
2514,2514,덕진동
2515,2515,금암1동
2516,2516,금암2동
2517,2517,팔복동
2518,2518,우아1동
2519,2519,우아2동
2520,2520,호성동
2521,2521,송천1동
2522,2522,송천2동
2523,2523,조촌동
2524,2524,여의동2가
2525,28,신당동
2526,2548,수송동
2527,2527,옥구읍
2528,2528,옥산면
2529,2529,회현면
2530,2530,임피면
2531,2531,서수면
2532,2532,대야면
2533,2533,개정면
2534,2534,성산면
2535,2535,나포면
2537,2537,옥서면
2538,2538,해신동
2539,2539,월명동
2540,2540,신풍동
2541,2541,삼학동
2542,2542,중앙동
2543,2543,흥남동
2544,2544,조촌동
2545,2545,경암동
2546,2546,구암동
2547,2547,개정동
2548,2548,수송동
2549,2549,나운1동
2550,2550,나운2동
2551,2551,나운3동
2552,2552,소룡동
2553,2553,미성동
2554,2580,어양동
2555,2555,함열읍
2556,2556,오산면
2557,2557,황등면
2558,2558,함라면
2559,2559,웅포면
2560,2560,성당면
2562,2562,낭산면
2563,2563,망성면
2564,2564,여산면
2565,2565,금마면
2566,2566,왕궁면
2567,2567,춘포면
2568,2568,삼기면
2570,2570,중앙동
2571,2571,평화동
2572,2572,인화동
2573,2573,동산동
2574,2574,마동
2575,2575,남중동
2576,2576,모현동
2577,2577,송학동
2578,2578,영등1동
2579,2579,영등2동
2580,2580,어양동
2581,2581,신동
2582,2582,팔봉동
2583,2583,삼성동
2584,28,신당동
2585,2601,수성동
2586,2586,신태인읍
2587,2587,북면
2588,2588,입암면
2589,2589,소성면
2590,2590,고부면
2591,2591,영원면
2592,2592,덕천면
2593,2593,이평면
2594,2594,정우면
2595,2595,태인면
2596,2596,감곡면
2597,2597,옹동면
2598,2598,칠보면
2599,2599,산내면
2600,2600,산외면
2601,2601,수성동
2602,2602,장명동
2603,2603,내장상동
2604,2604,시기동
2605,2605,초산동
2606,2606,연지동
2607,2607,농소동
2608,2608,상교동
2609,2632,도통동
2610,2610,운봉읍
2611,2611,주천면
2613,2613,송동면
2614,2614,주생면
2615,2615,금지면
2617,2617,대산면
2620,2620,보절면
2622,2622,이백면
2623,2623,아영면
2624,2624,산내면
2625,2625,인월면
2626,2626,동충동
2627,2627,죽항동
2628,2628,노암동
2629,2629,금동
2630,2630,왕정동
2631,2631,향교동
2632,2632,도통동
2633,2651,검산동
2634,2634,만경읍
2636,2636,백산면
2637,2637,용지면
2638,2638,백구면
2639,2639,부량면
2640,2640,공덕면
2641,2641,청하면
2642,2642,성덕면
2643,2643,진봉면
2644,2644,금구면
2645,2645,봉남면
2646,2646,황산면
2647,2647,금산면
2649,2649,요촌동
2650,2650,신풍동
2651,2651,검산동
2652,2652,교월동
2653,2655,봉동읍
2654,2654,삼례읍
2655,2655,봉동읍
2656,28,신당동
2657,2657,상관면
2658,2658,이서면
2659,2659,소양면
2660,2660,구이면
2661,2661,고산면
2662,2662,비봉면
2663,2663,운주면
2667,2668,진안읍
2668,2668,진안읍
2669,2669,용담면
2671,2671,동향면
2674,2674,성수면
2676,2676,부귀면
2679,2680,무주읍
2680,2680,무주읍
2681,2681,무풍면
2682,2682,설천면
2683,2683,적상면
2684,2684,안성면
2685,2685,부남면
2686,2687,장수읍
2687,2687,장수읍
2688,2688,산서면
2689,2689,번암면
2690,2690,장계면
2691,2691,천천면
2693,2693,계북면
2694,2695,임실읍
2695,2695,임실읍
2696,2696,청웅면
2697,2697,운암면
2700,2700,오수면
2701,2701,신덕면
2702,2702,삼계면
2703,2703,관촌면
2706,2706,지사면
2707,2708,순창읍
2708,2708,순창읍
2709,2709,인계면
2711,2711,풍산면
2712,2712,금과면
2714,2714,쌍치면
2715,2715,복흥면
2716,2716,적성면
2717,2717,유등면
2718,2718,구림면
2719,2720,고창읍
2720,2720,고창읍
2721,2721,고수면
2722,2722,아산면
2723,2723,무장면
2724,2724,공음면
2725,2725,상하면
2726,2726,해리면
2727,2727,성송면
2728,2728,대산면
2729,2729,심원면
2730,2730,흥덕면
2731,2731,성내면
2732,2732,신림면
2733,2733,부안면
2734,2735,부안읍
2735,2735,부안읍
2736,2736,주산면
2737,2737,동진면
2738,2738,행안면
2739,2739,계화면
2740,2740,보안면
2741,2741,변산면
2742,2742,진서면
2743,2743,백산면
2746,2746,줄포면
2748,2770,옥암동
2749,2770,옥암동
2750,2750,용당1동
2751,2751,용당2동
2752,2752,연동
2753,2753,산정동
2754,2754,연산동
2755,2755,원산동
2756,2756,대성동
2757,2757,목원동
2758,2758,동명동
2759,2759,삼학동
2760,2760,만호동
2761,2761,유달동
2762,2762,죽교동
2763,2763,북항동
2764,2764,용해동
2765,2765,이로동
2766,2766,상동
2767,2767,하당동
2768,2768,신흥동
2769,2769,삼향동
2770,2770,옥암동
2771,2771,부흥동
2772,2772,부주동
2773,6737,웅천동
2774,2774,돌산읍
2775,28,신당동
2776,28,신당동
2777,2777,소라면
2778,2778,율촌면
2779,2779,화양면
2781,2781,화정면
2782,28,신당동
2784,2784,동문동
2785,2785,한려동
2786,2786,중앙동
2787,2787,충무동
2788,2788,광림동
2789,2789,서강동
2790,2790,대교동
2791,2791,국동
2792,2792,월호동
2793,2793,여서동
2794,2794,문수동
2795,2795,미평동
2796,2796,둔덕동
2797,2797,만덕동
2798,2798,쌍봉동
2799,2799,시전동
2800,2800,여천동
